{
  "meta": {
    "country": "PL",
    "years": [
      2015,
      2034
    ],
    "timezone": "Europe/Warsaw",
    "dateFormat": "YYYY-MM-DD"
  },
  "years": {
    "2015": [
      {
        "date": "2015-01-01",
        "name": "Nowy Rok",
        "type": "fixed"
      },
      {
        "date": "2015-01-06",
        "name": "Święto Trzech Króli",
        "type": "fixed"
      },
      {
        "date": "2015-04-05",
        "name": "Wielkanoc",
        "type": "movable"
      },
      {
        "date": "2015-04-06",
        "name": "Poniedziałek Wielkanocny",
        "type": "movable"
      },
      {
        "date": "2015-05-01",
        "name": "Święto Pracy",
        "type": "fixed"
      },
      {
        "date": "2015-05-03",
        "name": "Święto Konstytucji 3 Maja",
        "type": "fixed"
      },
      {
        "date": "2015-05-24",
        "name": "Zielone Świątki",
        "type": "movable"
      },
      {
        "date": "2015-06-04",
        "name": "Boże Ciało",
        "type": "movable"
      },
      {
        "date": "2015-08-15",
        "name": "Wniebowzięcie NMP",
        "type": "fixed"
      },
      {
        "date": "2015-11-01",
        "name": "Wszystkich Świętych",
        "type": "fixed"
      },
      {
        "date": "2015-11-11",
        "name": "Narodowe Święto Niepodległości",
        "type": "fixed"
      },
      {
        "date": "2015-12-25",
        "name": "Boże Narodzenie (1 dzień)",
        "type": "fixed"
      },
      {
        "date": "2015-12-26",
        "name": "Boże Narodzenie (2 dzień)",
        "type": "fixed"
      }
    ],
    "2016": [
      {
        "date": "2016-01-01",
        "name": "Nowy Rok",
        "type": "fixed"
      },
      {
        "date": "2016-01-06",
        "name": "Święto Trzech Króli",
        "type": "fixed"
      },
      {
        "date": "2016-03-27",
        "name": "Wielkanoc",
        "type": "movable"
      },
      {
        "date": "2016-03-28",
        "name": "Poniedziałek Wielkanocny",
        "type": "movable"
      },
      {
        "date": "2016-05-01",
        "name": "Święto Pracy",
        "type": "fixed"
      },
      {
        "date": "2016-05-03",
        "name": "Święto Konstytucji 3 Maja",
        "type": "fixed"
      },
      {
        "date": "2016-05-15",
        "name": "Zielone Świątki",
        "type": "movable"
      },
      {
        "date": "2016-05-26",
        "name": "Boże Ciało",
        "type": "movable"
      },
      {
        "date": "2016-08-15",
        "name": "Wniebowzięcie NMP",
        "type": "fixed"
      },
      {
        "date": "2016-11-01",
        "name": "Wszystkich Świętych",
        "type": "fixed"
      },
      {
        "date": "2016-11-11",
        "name": "Narodowe Święto Niepodległości",
        "type": "fixed"
      },
      {
        "date": "2016-12-25",
        "name": "Boże Narodzenie (1 dzień)",
        "type": "fixed"
      },
      {
        "date": "2016-12-26",
        "name": "Boże Narodzenie (2 dzień)",
        "type": "fixed"
      }
    ],
    "2017": [
      {
        "date": "2017-01-01",
        "name": "Nowy Rok",
        "type": "fixed"
      },
      {
        "date": "2017-01-06",
        "name": "Święto Trzech Króli",
        "type": "fixed"
      },
      {
        "date": "2017-04-16",
        "name": "Wielkanoc",
        "type": "movable"
      },
      {
        "date": "2017-04-17",
        "name": "Poniedziałek Wielkanocny",
        "type": "movable"
      },
      {
        "date": "2017-05-01",
        "name": "Święto Pracy",
        "type": "fixed"
      },
      {
        "date": "2017-05-03",
        "name": "Święto Konstytucji 3 Maja",
        "type": "fixed"
      },
      {
        "date": "2017-06-04",
        "name": "Zielone Świątki",
        "type": "movable"
      },
      {
        "date": "2017-06-15",
        "name": "Boże Ciało",
        "type": "movable"
      },
      {
        "date": "2017-08-15",
        "name": "Wniebowzięcie NMP",
        "type": "fixed"
      },
      {
        "date": "2017-11-01",
        "name": "Wszystkich Świętych",
        "type": "fixed"
      },
      {
        "date": "2017-11-11",
        "name": "Narodowe Święto Niepodległości",
        "type": "fixed"
      },
      {
        "date": "2017-12-25",
        "name": "Boże Narodzenie (1 dzień)",
        "type": "fixed"
      },
      {
        "date": "2017-12-26",
        "name": "Boże Narodzenie (2 dzień)",
        "type": "fixed"
      }
    ],
    "2018": [
      {
        "date": "2018-01-01",
        "name": "Nowy Rok",
        "type": "fixed"
      },
      {
        "date": "2018-01-06",
        "name": "Święto Trzech Króli",
        "type": "fixed"
      },
      {
        "date": "2018-04-01",
        "name": "Wielkanoc",
        "type": "movable"
      },
      {
        "date": "2018-04-02",
        "name": "Poniedziałek Wielkanocny",
        "type": "movable"
      },
      {
        "date": "2018-05-01",
        "name": "Święto Pracy",
        "type": "fixed"
      },
      {
        "date": "2018-05-03",
        "name": "Święto Konstytucji 3 Maja",
        "type": "fixed"
      },
      {
        "date": "2018-05-20",
        "name": "Zielone Świątki",
        "type": "movable"
      },
      {
        "date": "2018-05-31",
        "name": "Boże Ciało",
        "type": "movable"
      },
      {
        "date": "2018-08-15",
        "name": "Wniebowzięcie NMP",
        "type": "fixed"
      },
      {
        "date": "2018-11-01",
        "name": "Wszystkich Świętych",
        "type": "fixed"
      },
      {
        "date": "2018-11-11",
        "name": "Narodowe Święto Niepodległości",
        "type": "fixed"
      },
      {
        "date": "2018-12-25",
        "name": "Boże Narodzenie (1 dzień)",
        "type": "fixed"
      },
      {
        "date": "2018-12-26",
        "name": "Boże Narodzenie (2 dzień)",
        "type": "fixed"
      }
    ],
    "2019": [
      {
        "date": "2019-01-01",
        "name": "Nowy Rok",
        "type": "fixed"
      },
      {
        "date": "2019-01-06",
        "name": "Święto Trzech Króli",
        "type": "fixed"
      },
      {
        "date": "2019-04-21",
        "name": "Wielkanoc",
        "type": "movable"
      },
      {
        "date": "2019-04-22",
        "name": "Poniedziałek Wielkanocny",
        "type": "movable"
      },
      {
        "date": "2019-05-01",
        "name": "Święto Pracy",
        "type": "fixed"
      },
      {
        "date": "2019-05-03",
        "name": "Święto Konstytucji 3 Maja",
        "type": "fixed"
      },
      {
        "date": "2019-06-09",
        "name": "Zielone Świątki",
        "type": "movable"
      },
      {
        "date": "2019-06-20",
        "name": "Boże Ciało",
        "type": "movable"
      },
      {
        "date": "2019-08-15",
        "name": "Wniebowzięcie NMP",
        "type": "fixed"
      },
      {
        "date": "2019-11-01",
        "name": "Wszystkich Świętych",
        "type": "fixed"
      },
      {
        "date": "2019-11-11",
        "name": "Narodowe Święto Niepodległości",
        "type": "fixed"
      },
      {
        "date": "2019-12-25",
        "name": "Boże Narodzenie (1 dzień)",
        "type": "fixed"
      },
      {
        "date": "2019-12-26",
        "name": "Boże Narodzenie (2 dzień)",
        "type": "fixed"
      }
    ],
    "2020": [
      {
        "date": "2020-01-01",
        "name": "Nowy Rok",
        "type": "fixed"
      },
      {
        "date": "2020-01-06",
        "name": "Święto Trzech Króli",
        "type": "fixed"
      },
      {
        "date": "2020-04-12",
        "name": "Wielkanoc",
        "type": "movable"
      },
      {
        "date": "2020-04-13",
        "name": "Poniedziałek Wielkanocny",
        "type": "movable"
      },
      {
        "date": "2020-05-01",
        "name": "Święto Pracy",
        "type": "fixed"
      },
      {
        "date": "2020-05-03",
        "name": "Święto Konstytucji 3 Maja",
        "type": "fixed"
      },
      {
        "date": "2020-05-31",
        "name": "Zielone Świątki",
        "type": "movable"
      },
      {
        "date": "2020-06-11",
        "name": "Boże Ciało",
        "type": "movable"
      },
      {
        "date": "2020-08-15",
        "name": "Wniebowzięcie NMP",
        "type": "fixed"
      },
      {
        "date": "2020-11-01",
        "name": "Wszystkich Świętych",
        "type": "fixed"
      },
      {
        "date": "2020-11-11",
        "name": "Narodowe Święto Niepodległości",
        "type": "fixed"
      },
      {
        "date": "2020-12-25",
        "name": "Boże Narodzenie (1 dzień)",
        "type": "fixed"
      },
      {
        "date": "2020-12-26",
        "name": "Boże Narodzenie (2 dzień)",
        "type": "fixed"
      }
    ],
    "2021": [
      {
        "date": "2021-01-01",
        "name": "Nowy Rok",
        "type": "fixed"
      },
      {
        "date": "2021-01-06",
        "name": "Święto Trzech Króli",
        "type": "fixed"
      },
      {
        "date": "2021-04-04",
        "name": "Wielkanoc",
        "type": "movable"
      },
      {
        "date": "2021-04-05",
        "name": "Poniedziałek Wielkanocny",
        "type": "movable"
      },
      {
        "date": "2021-05-01",
        "name": "Święto Pracy",
        "type": "fixed"
      },
      {
        "date": "2021-05-03",
        "name": "Święto Konstytucji 3 Maja",
        "type": "fixed"
      },
      {
        "date": "2021-05-23",
        "name": "Zielone Świątki",
        "type": "movable"
      },
      {
        "date": "2021-06-03",
        "name": "Boże Ciało",
        "type": "movable"
      },
      {
        "date": "2021-08-15",
        "name": "Wniebowzięcie NMP",
        "type": "fixed"
      },
      {
        "date": "2021-11-01",
        "name": "Wszystkich Świętych",
        "type": "fixed"
      },
      {
        "date": "2021-11-11",
        "name": "Narodowe Święto Niepodległości",
        "type": "fixed"
      },
      {
        "date": "2021-12-25",
        "name": "Boże Narodzenie (1 dzień)",
        "type": "fixed"
      },
      {
        "date": "2021-12-26",
        "name": "Boże Narodzenie (2 dzień)",
        "type": "fixed"
      }
    ],
    "2022": [
      {
        "date": "2022-01-01",
        "name": "Nowy Rok",
        "type": "fixed"
      },
      {
        "date": "2022-01-06",
        "name": "Święto Trzech Króli",
        "type": "fixed"
      },
      {
        "date": "2022-04-17",
        "name": "Wielkanoc",
        "type": "movable"
      },
      {
        "date": "2022-04-18",
        "name": "Poniedziałek Wielkanocny",
        "type": "movable"
      },
      {
        "date": "2022-05-01",
        "name": "Święto Pracy",
        "type": "fixed"
      },
      {
        "date": "2022-05-03",
        "name": "Święto Konstytucji 3 Maja",
        "type": "fixed"
      },
      {
        "date": "2022-06-05",
        "name": "Zielone Świątki",
        "type": "movable"
      },
      {
        "date": "2022-06-16",
        "name": "Boże Ciało",
        "type": "movable"
      },
      {
        "date": "2022-08-15",
        "name": "Wniebowzięcie NMP",
        "type": "fixed"
      },
      {
        "date": "2022-11-01",
        "name": "Wszystkich Świętych",
        "type": "fixed"
      },
      {
        "date": "2022-11-11",
        "name": "Narodowe Święto Niepodległości",
        "type": "fixed"
      },
      {
        "date": "2022-12-25",
        "name": "Boże Narodzenie (1 dzień)",
        "type": "fixed"
      },
      {
        "date": "2022-12-26",
        "name": "Boże Narodzenie (2 dzień)",
        "type": "fixed"
      }
    ],
    "2023": [
      {
        "date": "2023-01-01",
        "name": "Nowy Rok",
        "type": "fixed"
      },
      {
        "date": "2023-01-06",
        "name": "Święto Trzech Króli",
        "type": "fixed"
      },
      {
        "date": "2023-04-09",
        "name": "Wielkanoc",
        "type": "movable"
      },
      {
        "date": "2023-04-10",
        "name": "Poniedziałek Wielkanocny",
        "type": "movable"
      },
      {
        "date": "2023-05-01",
        "name": "Święto Pracy",
        "type": "fixed"
      },
      {
        "date": "2023-05-03",
        "name": "Święto Konstytucji 3 Maja",
        "type": "fixed"
      },
      {
        "date": "2023-05-28",
        "name": "Zielone Świątki",
        "type": "movable"
      },
      {
        "date": "2023-06-08",
        "name": "Boże Ciało",
        "type": "movable"
      },
      {
        "date": "2023-08-15",
        "name": "Wniebowzięcie NMP",
        "type": "fixed"
      },
      {
        "date": "2023-11-01",
        "name": "Wszystkich Świętych",
        "type": "fixed"
      },
      {
        "date": "2023-11-11",
        "name": "Narodowe Święto Niepodległości",
        "type": "fixed"
      },
      {
        "date": "2023-12-25",
        "name": "Boże Narodzenie (1 dzień)",
        "type": "fixed"
      },
      {
        "date": "2023-12-26",
        "name": "Boże Narodzenie (2 dzień)",
        "type": "fixed"
      }
    ],
    "2024": [
      {
        "date": "2024-01-01",
        "name": "Nowy Rok",
        "type": "fixed"
      },
      {
        "date": "2024-01-06",
        "name": "Święto Trzech Króli",
        "type": "fixed"
      },
      {
        "date": "2024-03-31",
        "name": "Wielkanoc",
        "type": "movable"
      },
      {
        "date": "2024-04-01",
        "name": "Poniedziałek Wielkanocny",
        "type": "movable"
      },
      {
        "date": "2024-05-01",
        "name": "Święto Pracy",
        "type": "fixed"
      },
      {
        "date": "2024-05-03",
        "name": "Święto Konstytucji 3 Maja",
        "type": "fixed"
      },
      {
        "date": "2024-05-19",
        "name": "Zielone Świątki",
        "type": "movable"
      },
      {
        "date": "2024-05-30",
        "name": "Boże Ciało",
        "type": "movable"
      },
      {
        "date": "2024-08-15",
        "name": "Wniebowzięcie NMP",
        "type": "fixed"
      },
      {
        "date": "2024-11-01",
        "name": "Wszystkich Świętych",
        "type": "fixed"
      },
      {
        "date": "2024-11-11",
        "name": "Narodowe Święto Niepodległości",
        "type": "fixed"
      },
      {
        "date": "2024-12-25",
        "name": "Boże Narodzenie (1 dzień)",
        "type": "fixed"
      },
      {
        "date": "2024-12-26",
        "name": "Boże Narodzenie (2 dzień)",
        "type": "fixed"
      }
    ],
    "2025": [
      {
        "date": "2025-01-01",
        "name": "Nowy Rok",
        "type": "fixed"
      },
      {
        "date": "2025-01-06",
        "name": "Święto Trzech Króli",
        "type": "fixed"
      },
      {
        "date": "2025-04-20",
        "name": "Wielkanoc",
        "type": "movable"
      },
      {
        "date": "2025-04-21",
        "name": "Poniedziałek Wielkanocny",
        "type": "movable"
      },
      {
        "date": "2025-05-01",
        "name": "Święto Pracy",
        "type": "fixed"
      },
      {
        "date": "2025-05-03",
        "name": "Święto Konstytucji 3 Maja",
        "type": "fixed"
      },
      {
        "date": "2025-06-08",
        "name": "Zielone Świątki",
        "type": "movable"
      },
      {
        "date": "2025-06-19",
        "name": "Boże Ciało",
        "type": "movable"
      },
      {
        "date": "2025-08-15",
        "name": "Wniebowzięcie NMP",
        "type": "fixed"
      },
      {
        "date": "2025-11-01",
        "name": "Wszystkich Świętych",
        "type": "fixed"
      },
      {
        "date": "2025-11-11",
        "name": "Narodowe Święto Niepodległości",
        "type": "fixed"
      },
      {
        "date": "2025-12-24",
        "name": "Wigilia",
        "type": "fixed"
      },
      {
        "date": "2025-12-25",
        "name": "Boże Narodzenie (1 dzień)",
        "type": "fixed"
      },
      {
        "date": "2025-12-26",
        "name": "Boże Narodzenie (2 dzień)",
        "type": "fixed"
      }
    ],
    "2026": [
      {
        "date": "2026-01-01",
        "name": "Nowy Rok",
        "type": "fixed"
      },
      {
        "date": "2026-01-06",
        "name": "Święto Trzech Króli",
        "type": "fixed"
      },
      {
        "date": "2026-04-05",
        "name": "Wielkanoc",
        "type": "movable"
      },
      {
        "date": "2026-04-06",
        "name": "Poniedziałek Wielkanocny",
        "type": "movable"
      },
      {
        "date": "2026-05-01",
        "name": "Święto Pracy",
        "type": "fixed"
      },
      {
        "date": "2026-05-03",
        "name": "Święto Konstytucji 3 Maja",
        "type": "fixed"
      },
      {
        "date": "2026-05-24",
        "name": "Zielone Świątki",
        "type": "movable"
      },
      {
        "date": "2026-06-04",
        "name": "Boże Ciało",
        "type": "movable"
      },
      {
        "date": "2026-08-15",
        "name": "Wniebowzięcie NMP",
        "type": "fixed"
      },
      {
        "date": "2026-11-01",
        "name": "Wszystkich Świętych",
        "type": "fixed"
      },
      {
        "date": "2026-11-11",
        "name": "Narodowe Święto Niepodległości",
        "type": "fixed"
      },
      {
        "date": "2026-12-24",
        "name": "Wigilia",
        "type": "fixed"
      },
      {
        "date": "2026-12-25",
        "name": "Boże Narodzenie (1 dzień)",
        "type": "fixed"
      },
      {
        "date": "2026-12-26",
        "name": "Boże Narodzenie (2 dzień)",
        "type": "fixed"
      }
    ],
    "2027": [
      {
        "date": "2027-01-01",
        "name": "Nowy Rok",
        "type": "fixed"
      },
      {
        "date": "2027-01-06",
        "name": "Święto Trzech Króli",
        "type": "fixed"
      },
      {
        "date": "2027-03-28",
        "name": "Wielkanoc",
        "type": "movable"
      },
      {
        "date": "2027-03-29",
        "name": "Poniedziałek Wielkanocny",
        "type": "movable"
      },
      {
        "date": "2027-05-01",
        "name": "Święto Pracy",
        "type": "fixed"
      },
      {
        "date": "2027-05-03",
        "name": "Święto Konstytucji 3 Maja",
        "type": "fixed"
      },
      {
        "date": "2027-05-16",
        "name": "Zielone Świątki",
        "type": "movable"
      },
      {
        "date": "2027-05-27",
        "name": "Boże Ciało",
        "type": "movable"
      },
      {
        "date": "2027-08-15",
        "name": "Wniebowzięcie NMP",
        "type": "fixed"
      },
      {
        "date": "2027-11-01",
        "name": "Wszystkich Świętych",
        "type": "fixed"
      },
      {
        "date": "2027-11-11",
        "name": "Narodowe Święto Niepodległości",
        "type": "fixed"
      },
      {
        "date": "2027-12-24",
        "name": "Wigilia",
        "type": "fixed"
      },
      {
        "date": "2027-12-25",
        "name": "Boże Narodzenie (1 dzień)",
        "type": "fixed"
      },
      {
        "date": "2027-12-26",
        "name": "Boże Narodzenie (2 dzień)",
        "type": "fixed"
      }
    ],
    "2028": [
      {
        "date": "2028-01-01",
        "name": "Nowy Rok",
        "type": "fixed"
      },
      {
        "date": "2028-01-06",
        "name": "Święto Trzech Króli",
        "type": "fixed"
      },
      {
        "date": "2028-04-16",
        "name": "Wielkanoc",
        "type": "movable"
      },
      {
        "date": "2028-04-17",
        "name": "Poniedziałek Wielkanocny",
        "type": "movable"
      },
      {
        "date": "2028-05-01",
        "name": "Święto Pracy",
        "type": "fixed"
      },
      {
        "date": "2028-05-03",
        "name": "Święto Konstytucji 3 Maja",
        "type": "fixed"
      },
      {
        "date": "2028-06-04",
        "name": "Zielone Świątki",
        "type": "movable"
      },
      {
        "date": "2028-06-15",
        "name": "Boże Ciało",
        "type": "movable"
      },
      {
        "date": "2028-08-15",
        "name": "Wniebowzięcie NMP",
        "type": "fixed"
      },
      {
        "date": "2028-11-01",
        "name": "Wszystkich Świętych",
        "type": "fixed"
      },
      {
        "date": "2028-11-11",
        "name": "Narodowe Święto Niepodległości",
        "type": "fixed"
      },
      {
        "date": "2028-12-24",
        "name": "Wigilia",
        "type": "fixed"
      },
      {
        "date": "2028-12-25",
        "name": "Boże Narodzenie (1 dzień)",
        "type": "fixed"
      },
      {
        "date": "2028-12-26",
        "name": "Boże Narodzenie (2 dzień)",
        "type": "fixed"
      }
    ],
    "2029": [
      {
        "date": "2029-01-01",
        "name": "Nowy Rok",
        "type": "fixed"
      },
      {
        "date": "2029-01-06",
        "name": "Święto Trzech Króli",
        "type": "fixed"
      },
      {
        "date": "2029-04-01",
        "name": "Wielkanoc",
        "type": "movable"
      },
      {
        "date": "2029-04-02",
        "name": "Poniedziałek Wielkanocny",
        "type": "movable"
      },
      {
        "date": "2029-05-01",
        "name": "Święto Pracy",
        "type": "fixed"
      },
      {
        "date": "2029-05-03",
        "name": "Święto Konstytucji 3 Maja",
        "type": "fixed"
      },
      {
        "date": "2029-05-20",
        "name": "Zielone Świątki",
        "type": "movable"
      },
      {
        "date": "2029-05-31",
        "name": "Boże Ciało",
        "type": "movable"
      },
      {
        "date": "2029-08-15",
        "name": "Wniebowzięcie NMP",
        "type": "fixed"
      },
      {
        "date": "2029-11-01",
        "name": "Wszystkich Świętych",
        "type": "fixed"
      },
      {
        "date": "2029-11-11",
        "name": "Narodowe Święto Niepodległości",
        "type": "fixed"
      },
      {
        "date": "2029-12-24",
        "name": "Wigilia",
        "type": "fixed"
      },
      {
        "date": "2029-12-25",
        "name": "Boże Narodzenie (1 dzień)",
        "type": "fixed"
      },
      {
        "date": "2029-12-26",
        "name": "Boże Narodzenie (2 dzień)",
        "type": "fixed"
      }
    ],
    "2030": [
      {
        "date": "2030-01-01",
        "name": "Nowy Rok",
        "type": "fixed"
      },
      {
        "date": "2030-01-06",
        "name": "Święto Trzech Króli",
        "type": "fixed"
      },
      {
        "date": "2030-04-21",
        "name": "Wielkanoc",
        "type": "movable"
      },
      {
        "date": "2030-04-22",
        "name": "Poniedziałek Wielkanocny",
        "type": "movable"
      },
      {
        "date": "2030-05-01",
        "name": "Święto Pracy",
        "type": "fixed"
      },
      {
        "date": "2030-05-03",
        "name": "Święto Konstytucji 3 Maja",
        "type": "fixed"
      },
      {
        "date": "2030-06-09",
        "name": "Zielone Świątki",
        "type": "movable"
      },
      {
        "date": "2030-06-20",
        "name": "Boże Ciało",
        "type": "movable"
      },
      {
        "date": "2030-08-15",
        "name": "Wniebowzięcie NMP",
        "type": "fixed"
      },
      {
        "date": "2030-11-01",
        "name": "Wszystkich Świętych",
        "type": "fixed"
      },
      {
        "date": "2030-11-11",
        "name": "Narodowe Święto Niepodległości",
        "type": "fixed"
      },
      {
        "date": "2030-12-24",
        "name": "Wigilia",
        "type": "fixed"
      },
      {
        "date": "2030-12-25",
        "name": "Boże Narodzenie (1 dzień)",
        "type": "fixed"
      },
      {
        "date": "2030-12-26",
        "name": "Boże Narodzenie (2 dzień)",
        "type": "fixed"
      }
    ],
    "2031": [
      {
        "date": "2031-01-01",
        "name": "Nowy Rok",
        "type": "fixed"
      },
      {
        "date": "2031-01-06",
        "name": "Święto Trzech Króli",
        "type": "fixed"
      },
      {
        "date": "2031-04-13",
        "name": "Wielkanoc",
        "type": "movable"
      },
      {
        "date": "2031-04-14",
        "name": "Poniedziałek Wielkanocny",
        "type": "movable"
      },
      {
        "date": "2031-05-01",
        "name": "Święto Pracy",
        "type": "fixed"
      },
      {
        "date": "2031-05-03",
        "name": "Święto Konstytucji 3 Maja",
        "type": "fixed"
      },
      {
        "date": "2031-06-01",
        "name": "Zielone Świątki",
        "type": "movable"
      },
      {
        "date": "2031-06-12",
        "name": "Boże Ciało",
        "type": "movable"
      },
      {
        "date": "2031-08-15",
        "name": "Wniebowzięcie NMP",
        "type": "fixed"
      },
      {
        "date": "2031-11-01",
        "name": "Wszystkich Świętych",
        "type": "fixed"
      },
      {
        "date": "2031-11-11",
        "name": "Narodowe Święto Niepodległości",
        "type": "fixed"
      },
      {
        "date": "2031-12-24",
        "name": "Wigilia",
        "type": "fixed"
      },
      {
        "date": "2031-12-25",
        "name": "Boże Narodzenie (1 dzień)",
        "type": "fixed"
      },
      {
        "date": "2031-12-26",
        "name": "Boże Narodzenie (2 dzień)",
        "type": "fixed"
      }
    ],
    "2032": [
      {
        "date": "2032-01-01",
        "name": "Nowy Rok",
        "type": "fixed"
      },
      {
        "date": "2032-01-06",
        "name": "Święto Trzech Króli",
        "type": "fixed"
      },
      {
        "date": "2032-03-28",
        "name": "Wielkanoc",
        "type": "movable"
      },
      {
        "date": "2032-03-29",
        "name": "Poniedziałek Wielkanocny",
        "type": "movable"
      },
      {
        "date": "2032-05-01",
        "name": "Święto Pracy",
        "type": "fixed"
      },
      {
        "date": "2032-05-03",
        "name": "Święto Konstytucji 3 Maja",
        "type": "fixed"
      },
      {
        "date": "2032-05-16",
        "name": "Zielone Świątki",
        "type": "movable"
      },
      {
        "date": "2032-05-27",
        "name": "Boże Ciało",
        "type": "movable"
      },
      {
        "date": "2032-08-15",
        "name": "Wniebowzięcie NMP",
        "type": "fixed"
      },
      {
        "date": "2032-11-01",
        "name": "Wszystkich Świętych",
        "type": "fixed"
      },
      {
        "date": "2032-11-11",
        "name": "Narodowe Święto Niepodległości",
        "type": "fixed"
      },
      {
        "date": "2032-12-24",
        "name": "Wigilia",
        "type": "fixed"
      },
      {
        "date": "2032-12-25",
        "name": "Boże Narodzenie (1 dzień)",
        "type": "fixed"
      },
      {
        "date": "2032-12-26",
        "name": "Boże Narodzenie (2 dzień)",
        "type": "fixed"
      }
    ],
    "2033": [
      {
        "date": "2033-01-01",
        "name": "Nowy Rok",
        "type": "fixed"
      },
      {
        "date": "2033-01-06",
        "name": "Święto Trzech Króli",
        "type": "fixed"
      },
      {
        "date": "2033-04-17",
        "name": "Wielkanoc",
        "type": "movable"
      },
      {
        "date": "2033-04-18",
        "name": "Poniedziałek Wielkanocny",
        "type": "movable"
      },
      {
        "date": "2033-05-01",
        "name": "Święto Pracy",
        "type": "fixed"
      },
      {
        "date": "2033-05-03",
        "name": "Święto Konstytucji 3 Maja",
        "type": "fixed"
      },
      {
        "date": "2033-06-05",
        "name": "Zielone Świątki",
        "type": "movable"
      },
      {
        "date": "2033-06-16",
        "name": "Boże Ciało",
        "type": "movable"
      },
      {
        "date": "2033-08-15",
        "name": "Wniebowzięcie NMP",
        "type": "fixed"
      },
      {
        "date": "2033-11-01",
        "name": "Wszystkich Świętych",
        "type": "fixed"
      },
      {
        "date": "2033-11-11",
        "name": "Narodowe Święto Niepodległości",
        "type": "fixed"
      },
      {
        "date": "2033-12-24",
        "name": "Wigilia",
        "type": "fixed"
      },
      {
        "date": "2033-12-25",
        "name": "Boże Narodzenie (1 dzień)",
        "type": "fixed"
      },
      {
        "date": "2033-12-26",
        "name": "Boże Narodzenie (2 dzień)",
        "type": "fixed"
      }
    ],
    "2034": [
      {
        "date": "2034-01-01",
        "name": "Nowy Rok",
        "type": "fixed"
      },
      {
        "date": "2034-01-06",
        "name": "Święto Trzech Króli",
        "type": "fixed"
      },
      {
        "date": "2034-04-09",
        "name": "Wielkanoc",
        "type": "movable"
      },
      {
        "date": "2034-04-10",
        "name": "Poniedziałek Wielkanocny",
        "type": "movable"
      },
      {
        "date": "2034-05-01",
        "name": "Święto Pracy",
        "type": "fixed"
      },
      {
        "date": "2034-05-03",
        "name": "Święto Konstytucji 3 Maja",
        "type": "fixed"
      },
      {
        "date": "2034-05-28",
        "name": "Zielone Świątki",
        "type": "movable"
      },
      {
        "date": "2034-06-08",
        "name": "Boże Ciało",
        "type": "movable"
      },
      {
        "date": "2034-08-15",
        "name": "Wniebowzięcie NMP",
        "type": "fixed"
      },
      {
        "date": "2034-11-01",
        "name": "Wszystkich Świętych",
        "type": "fixed"
      },
      {
        "date": "2034-11-11",
        "name": "Narodowe Święto Niepodległości",
        "type": "fixed"
      },
      {
        "date": "2034-12-24",
        "name": "Wigilia",
        "type": "fixed"
      },
      {
        "date": "2034-12-25",
        "name": "Boże Narodzenie (1 dzień)",
        "type": "fixed"
      },
      {
        "date": "2034-12-26",
        "name": "Boże Narodzenie (2 dzień)",
        "type": "fixed"
      }
    ]
  }
}